title,rooms,size_m2,monthly_rent
R√ÜKKEHUS MED FORHAVE OG BAGHAVE ,5.0,120.0,12800.0
Delevenlig 4. v√¶relses lejlighed ,4.0,113.0,7614.0
"2 v√¶r. - Centralt beliggende p√• S√∏nder Alle, Aarhus C",2.0,53.0,8000.0
ENEST√ÖENDE 3-V√ÜRELSES MIDT I AARHUS C,3.0,70.0,11795.0
FANTASTISK FLOT 1-V√ÜRELSES MED CENTRAL BELLIGENHED,1.0,43.0,7500.0
RUMMELIG LEJLIGHED I TILST,2.0,48.0,6845.0
4 v√¶relses r√¶kkehus p√• Vistih√∏jen i Aarhus N udlejes,4.0,90.0,10995.0
Eftertragtet r√¶kkehus t√¶t p√• Aarhus med egen have,3.0,57.0,9195.0
Renoveret 2'er i rolig bagg√•rd helt centralt i Aarhus C.,2.0,74.0,9950.0
3 v√¶relses lejlighed p√• Engs√∏vej i Risskov udlejes,3.0,65.0,8295.0
2 v√¶relses lejlighed p√• Borres√∏vej i Risskov udlejes,2.0,58.0,7895.0
2 v√¶relses lejlighed p√• Kappelv√¶nget i Aarhus V udlejes,2.0,53.0,6195.0
2 v√¶relses lejlighed p√• Kappelv√¶nget i Aarhus V udlejes,2.0,53.0,6195.0
3 v√¶relses lejlighed p√• Arres√∏vej i Risskov udlejes,3.0,86.0,10695.0
Hyggelig k√¶lderlejlighed p√• Langen√¶s,2.0,52.0,6500.0
2 v√¶relses lejlighed p√• M√∏llevangen i Tranbjerg J udlejes,2.0,47.0,6125.0
4 v√¶relses r√¶kkehus p√• B√∏geskovparken i Viby J udlejes,4.0,100.0,10995.0
4 v√¶relses r√¶kkehus p√• R√∏dlundvej i Harlev J udlejes,4.0,90.0,9495.0
Pendlerbolig,1.0,16.0,4000.0
Boligen til den studerende eller singlen,1.0,43.0,5995.0
"L√¶kker 2-v√¶relses med stor altan, n√¶r UNI",1.0,55.0,7547.0
"2-v√¶relses i Centrum af √Örhus, t√¶t p√• UNI og BSS",2.0,67.0,7500.0
FLYT IND MED DET SAMME OG F√Ö GRATIS K√òKKENKIT!,2.0,42.0,12700.0
1-V√ÜRELSES N√ÜR AARHUS C ,1.0,34.0,6795.0
DEJLIG 2'ER I AARHUS,2.0,53.0,9195.0
FURNISHED APARTMENT WITH FANTASTIC COMMUNAL FACILITIES - CONTACT US NOW FOR A VIEWING ,1.0,31.0,6995.0
3 v√¶relses lejlighed p√• Vintervej i Aarhus udlejes,3.0,78.0,8995.0
M√òBLERET 1 V√ÜRELSES BOLIG MED DE FEDESTE F√ÜLLES FACILITETER,1.0,29.0,6400.0
1 v√¶relses k√¶lderlejlighed,1.0,29.0,4800.0
"EGEN ALTAN, VASKEMASKINE OG T√òRRETUMBLER, 3-D VISNING",1.0,34.0,6795.0
CENTRALT PLACERET 1'ER I AARHUS,1.0,34.0,6795.0
2-v√¶relses med n√¶rhed til midtby og natur (IKKE delevenlig),2.0,57.0,7400.0
Sk√∏nt 4-v√¶r. r√¶kkehus med egen have i nyopf√∏rt ejendom i Hasselager.,4.0,100.0,11200.0
V√¶relse p√• 16m2,1.0,16.0,4000.0
"Enkel, moderne og lige til at flytte ind i ‚Äì kun f√• tilbage i archouse",1.0,29.0,5995.0
"KUN F√Ö TILBAGE: M√òBLERET 1-V√ÜRELSES MED BUNKBED, H√òJT TIL LOFTET OG EGEN TERRASSE ",1.0,30.0,5600.0
"Lyst m√∏bleret hus, egen have & parkering, 5 min fra centrum",3.0,120.0,13000.0
SIDSTE CHANCE! Kun f√• 1-v√¶relses lejligheder tilbage i archouse!,1.0,29.0,5995.0
"Sk√∏n lejlighed, stort f√¶lleshus og t√¶t p√• letbane i lille ""landsby""",2.0,65.0,8000.0
Sk√∏n bolig med terrasse i dejligt f√¶llesskab ,5.0,112.0,13400.0
2 v√¶relses i √Ödalshuset,2.0,78.0,9100.0
90m2 2 -v√¶relses lejlighed med havudsigt udlejes i ‚ÄôIsbjerget‚Äô p√• √Örhus √ò. ,2.0,90.0,12000.0
Billig lejlighed t√¶t p√• Viby,3.0,85.0,10595.0
Nyrenoveret lejlighed,3.0,86.0,10595.0
3-v√¶relses med stor altan,3.0,92.0,6184.0
3 v√¶relses lejlighed pa Aarhus √ò med fantastisk havudsigt og parkering,3.0,135.0,23000.0
"Nyrenoveret 2 v√¶r, √•rhus C",2.0,57.0,8400.0
Lys og charmerende taglejlighed p√• eftertragtede Tr√∏jborg,2.0,53.0,9700.0
3 v√¶r. lejlighed p√• Frederiksbjerg,3.0,63.0,8570.0
2 v√¶relses lejlighed nyistandsat i 2021.,2.0,66.0,8360.0
"Central 3 v√¶relset lejlighed Vesterbrogade, 8000 Aarhus C ",3.0,76.0,9893.0
Lys og charmerende 3-v√¶relses i H√∏jbjerg - Perfekt til deling eller par!,3.0,67.0,8250.0
Lejlighed p√• Frederiks Plads med stor vestvendt altan ,2.0,61.0,9800.0
2 v√¶relses lejlighed i Ceresbyen,2.0,53.0,9300.0
Room in new Townhouse,1.0,10.0,4500.0
1. V√¶relses kvistlejlighed med hems! Centralt i Aarhus C.,1.0,40.0,6795.0
4 v√¶relses seniorvenlig lejlighed,4.0,100.0,7950.0
Top kvalitet p√• Frederiksbjerg.,5.0,161.0,17050.0
2-V√ÜRELSES I TILST,2.0,48.0,6845.0
L√ÜKKER 4-V√ÜRELSES LEJLIGHED I RISSKOV,4.0,97.0,11800.0
2 v√¶relses lejlighed p√• Kamma Klitg√•rds Gade i Risskov udlejes,2.0,48.0,7750.0
En v√¶relse t√¶t p√• stationen,1.0,34.0,4900.0
3 v√¶r med terrasse,3.0,90.0,13750.0
2 v√¶relses lejlighed p√• Thit Jensens Gade i Aarhus C udlejes,2.0,75.0,10500.0
Stor 3-v√¶relses ved kysvejen ,3.0,116.0,12850.0
Sk√∏n 3-v√¶relses i den popl√¶re j√¶gerg√•rdsgade,3.0,89.0,11950.0
Dejlig 3-v√¶relses lejlighed i H√∏iriisparken ,3.0,78.0,8475.0
V√¶relse i 134 kvm nyrenoveret villa med udsigt over skov,1.0,21.0,2800.0
Villa p√• 180m2 t√¶t p√• √Örhus Centrum,4.0,180.0,10500.0
Nyere lejlighed i √Üggepakkeriet med altan og flot udsigt over byen og Arosbuen,2.0,53.0,11800.0
Delevenlig lejlighed med altan i Aarhus C,3.0,69.0,11000.0
Stor og delevenlig 4-v√¶relses i Aarhus C,4.0,109.0,11879.0
Charmerende og delevenlig lejlighed med altan,3.0,89.0,10403.0
Topmoderne 3-v√¶relses i Aarhus C,3.0,73.0,11500.0
Moderne 1-v√¶relses i Viby J,1.0,29.0,5000.0
Ender√¶kkehus i Malling,5.0,129.0,12200.0
2-v√¶relses lejlighed med stor altan t√¶t p√• uni!,2.0,62.0,8700.0
Delevenlig 3-v√¶relses lejlighed i Risskov,3.0,61.0,8500.0
luxus r√¶kkehus .,5.0,126.0,12995.0
Flot 3'er 500m fra Universitetet,3.0,77.0,9375.0
PENDLER v√¶relse,1.0,11.0,1900.0
Dejlig 4-v√¶relses i Risskov m. altan,4.0,98.0,10700.0
1 M√ÖNEDS GRATIS HUSLEJE!,3.0,77.0,8995.0
Lys 3-v√¶relses p√• Stadion All√©,3.0,88.0,10900.0
STOR 4'ER MED SK√òN ALTAN,4.0,102.0,12295.0
PERFEKT 3'ER TIL B√òRNEFAMILIEN!,3.0,98.0,11695.0
PERFEKT TIL PARRET ELLER SOM DELEBOLIG,3.0,79.0,11095.0
DEJLIG 2'ER P√Ö GOD BELIGGENHED!,2.0,64.0,8595.0
Charmerende 3√©r i det sk√∏nne H√∏jbjerg ,3.0,77.0,8900.0
Et v√¶relseslejlighed ,1.0,27.0,4000.0
Mindre v√¶relseslejlighed med egen terrasse og P-plads,1.0,50.0,4500.0
"üåø Lys og charmerende 2-v√¶relses lejlighed i √ògaderne, √Örhus. üåø",2.0,55.0,8000.0
"Moderne, lys og rummelig 2-v√¶relses lejlighed",2.0,53.0,5995.0
R√¶kkehus,2.0,65.0,7500.0
3 v√¶relses lejlighed p√• Engtoften i Aarhus udlejes,3.0,55.0,7995.0
Dejlig 3 v√¶relses lejlighed centralt p√• Frederiksbjerg,3.0,71.0,12500.0
3 v√¶relses lejlighed p√• Engs√∏vej i Risskov udlejes,3.0,78.0,9695.0
2 v√¶relses lejlighed p√• Nordlandsvej i Risskov udlejes,2.0,47.0,7795.0
Lejlighed midt i Aarhus C. ,3.0,75.0,11500.0
Fantastisk 4-v√¶relses lejlighed t√¶t p√• Aarhus C,4.0,108.0,12100.0
Fantastisk 3-v√¶relses lejlighed t√¶t p√• Aarhus C,3.0,85.0,10250.0
4 v√¶relses lejlighed p√• Broloftet i Risskov udlejes,4.0,92.0,11950.0
Ledigt v√¶relse i Brabrand ‚Äì 2.900 kr./md inkl. forbrug,1.0,9.0,2900.0
Fantastisk 4-v√¶relses lejlighed t√¶t p√• Aarhus C,4.0,116.0,12300.0
Fantastisk 4-v√¶relses lejlighed t√¶t p√• Aarhus C,4.0,113.0,12450.0
Moderne 4-v√¶relses r√¶kkehus i Viby J,4.0,120.0,15195.0
Flot 2-v√¶relses lejlighed i Skejbyen,2.0,47.0,7495.0
Nyopf√∏rt 3-v√¶relses lejlighed i Brokvarteret,3.0,66.0,10995.0
Nyopf√∏rt 4-v√¶relses townhouse i to plan i Brokvarteret,4.0,119.0,14995.0
5 v√¶relses r√¶kkehus p√• Vistih√∏jen i Aarhus N udlejes,5.0,118.0,13350.0
"EGEN ALTAN, VASKEMASKINE OG T√òRRETUMBLER",1.0,34.0,6795.0
Nyopf√∏rt l√¶kker 3-v√¶r. lejlighed med egen have i popul√¶rt omr√•de i Aarhus N.,3.0,64.0,8195.0
LUKSURI√òST HALV DOBBELTVILLA I H√òIRIISPARKEN,5.0,150.0,13998.0
Stor 3-v√¶relses med altan,3.0,86.0,11450.0
Sk√∏n 2-v√¶relses med sydvendt altan,2.0,61.0,8700.0
Stor 2-v√¶res med sk√∏n udsigt,2.0,83.0,10850.0
R√¶kkehus af god kvalitet udlejes,4.0,108.0,11700.0
DELEVENLIG 3'ER I RISSKOV ENGBY,3.0,69.0,8895.0
Delevenlig 3-v√¶relses med lav indflytningspris,3.0,46.0,7495.0
Velfungerende ejendom i Viby,2.0,49.0,6700.0
2 v√¶relses lejlighed p√• Onsholtvej i Viby J udlejes,2.0,61.0,6820.0
Dejlig 2 v√¶r. p√• Tr√∏jborg,2.0,50.0,5981.0
udlejes til PENDLER,1.0,30.0,3000.0
Sk√∏n 2-v√¶relseslejlighed i midtbyen/ Beautiful 2-bedroom apartment in the city center,2.0,43.0,7850.0
2 v√¶relses lejlighed p√• Sonnesgade i Aarhus C udlejes,2.0,72.0,9595.0
4 v√¶relses r√¶kkehus p√• Sk√¶ring Enge i Eg√• udlejes,4.0,134.0,14750.0
4. v√¶relses lejlighed i H√∏rning,4.0,112.0,7651.0
Fully furnished and equipped apartment within 30 min walk of entire Aarhus. ,2.0,50.0,7900.0
Sk√∏n 3-v√¶relses p√• Frederiksbjerg,3.0,88.0,10900.0
Nyrenoveret 2 v√¶relses lejlighed udlejes p√• Tr√∏jborg ,2.0,60.0,8650.0
"Dejlig, lys 2-v√¶relses lejlighed (ogs√• delevenlig)",2.0,41.0,6250.0
Lys og indbydende lejlighed i sk√∏nne omgivelser,3.0,84.0,7595.0
NYOPF√òRT R√ÜKKEHUS I VIBY - LAV INDFLYTNINGSPRIS,4.0,115.0,12495.0
Sk√∏n lejlighed p√• 20 etage med en fremragende udsigt!,2.0,42.0,11995.0
Selmerhusene etape I - 5 v√¶r med terrasse,5.0,141.0,20395.0
"Boligen til den studerende, singlen eller det unge par",1.0,37.0,6195.0
Nyopf√∏rt 1-v√¶relses lejlighed i Skejbyen,1.0,43.0,5995.0
Nyopf√∏rt 1-v√¶relses lejlighed i Skejbyen,1.0,44.0,6495.0
Velindrettet 1-v√¶relses p√• Frederiksbjerg,1.0,28.0,5500.0
To v√¶relses lejlighed ved Aarhus √Ö ,2.0,75.0,10995.0
Et-v√¶relses med god beliggenhed,1.0,29.0,4295.0
Fin lejlighed med altan,2.0,58.0,6950.0
V√¶relse med hems og eget k√∏kkenet,1.0,23.0,3950.0
3 v√¶relses n√¶r Ingerslevs Boulevard,3.0,88.0,12900.0
Fed stor Lejlighed p√• 1 sal ,2.0,97.0,7500.0
Flot 1-v√¶relses lejlighed - MicroLiving i Blomsterhaven,1.0,20.0,4195.0
Hyggelig m√∏bleret lejlighed t√¶t p√• Aros,2.0,54.0,8600.0
3 v√¶relses lejlighed p√• Arres√∏vej i Risskov udlejes,3.0,66.0,9195.0
3 v√¶relses lejlighed p√• Arres√∏vej i Risskov udlejes,3.0,67.0,9195.0
3 v√¶relses lejlighed p√• Engs√∏vej i Risskov udlejes,3.0,67.0,9195.0
2 v√¶relses lejlighed p√• Brass√∏vej i Risskov udlejes,2.0,57.0,7795.0
2 v√¶relses lejlighed p√• Brass√∏vej i Risskov udlejes,2.0,57.0,7795.0
Sk√∏n 4-v√¶r. lejlighed centralt i Aarhus,4.0,139.0,15990.0
Dejlig 3-v√¶relses lejlighed i Skejbyen ,3.0,61.0,8795.0
Flot 3-v√¶relses lejlighed i H√∏jbjerg ,3.0,79.0,8975.0
1-v√¶relses lejlighed med fede f√¶llesarealer,1.0,20.0,4495.0
1-v√¶relses lejlighed med fede f√¶llesarealer,1.0,20.0,4495.0
Nyrenoveret lejlighed m/altan og t√¶t p√• Universitet,3.0,80.0,11000.0
Charmerende lejlighed m/ stor altan og hems,2.0,64.0,10000.0
3-v√¶relses lejlighed i Brabrand,3.0,86.0,9177.0
Pragtfuld taglejlighed med sydvendt tagterrasse og udsigt i s√¶rklasse,3.0,135.0,16900.0
Moderniseret 2-v√¶relses i Aarhus C,2.0,47.0,8200.0
Delevenlig 2-v√¶relses med altan ,2.0,66.0,8600.0
v√¶relse s√• t√¶t p√• centrum,1.0,25.0,3900.0
T√¶t p√• Uni og byens liv,2.0,60.0,7850.0
Fin lille lejlighed p√• Frederiksbjerg,2.0,56.0,7700.0
Stor lys lejl. m/altan - udlejes IKKE som dele-lejlighed ,3.0,109.0,13800.0
2 v√¶r. apartment i √Örhus N,2.0,46.0,6480.0
Stort v√¶relse ved Tr√∏jborg / Universitet / Aarhus N,1.0,26.0,3895.0
1'ER I AARHUS MED EGEN ALTAN ,1.0,35.0,6795.0
SK√òN 3'ER I RISSKOV - SENIORF√ÜLLESSKAB (+55),2.0,59.0,8495.0
2-v√¶relses p√• Ringgaden,2.0,64.0,7580.0
"Hyggelig 2-v√¶relses lejlighed i Risskov ‚Äì perfekt til dig, der √∏nsker en sk√∏n beliggenhed t√¶t p√• skov og strand.",2.0,50.0,5500.0
V√¶relsesleje p√• Tr√∏jborg,1.0,12.0,3750.0
H√∏jbjerg Torv 2.v√¶r.,2.0,40.0,4800.0
2. v√¶r. 1 sal H√∏jbjerg Torv,2.0,56.0,6380.0
Dejlig 1-v√¶relses lejlighed i Skejbyen,1.0,43.0,6195.0
Latinerkvarteret V√¶relse 14 kvm.,1.0,15.0,3927.39
SK√òN DELEVENLIG 4 V√ÜRELSES ,4.0,93.0,11995.0
Stor 1-v√¶relses fuldtlejlighed en ekstra bred altan,1.0,31.0,6995.0
2 v√¶relses lejlighed p√• Broloftet i Risskov udlejes,2.0,58.0,8950.0
1,1.0,8.0,2500.0
2 v√¶relser t√¶t p√• universitetet,2.0,25.0,2950.0
Moderne 4-v√¶relses r√¶kkehus i Viby J,4.0,114.0,14995.0
Sk√∏n 3-v√¶relses lejlighed i H√∏iriisparken ,3.0,84.0,9450.0
2 sammenh√¶ngende v√¶relser med eget k√∏kken & bad,2.0,45.0,4500.0
Viby v√¶relse med altan i delelejlighed,1.0,14.0,2975.0
Tidligere gallerilejlighed,3.0,88.0,7000.0
Fully Furnished Apartment for Rent in Sivhuset ‚Äì Move-in Ready from September 1st,1.0,27.0,6900.0
4 v√¶relses lejlighed p√• Stenb√¶khave i Brabrand udlejes,4.0,113.0,14500.0
Dejlig 3-v√¶relses lejlighed i Skejbyen ,3.0,62.0,8995.0
Nyopf√∏rt 2-v√¶relses lejlighed i Solhusene,2.0,47.0,6200.0
Sk√∏n 2-v√¶relses lejlighed i Zebra House,2.0,51.0,6295.0
"Ved Skov, strand og by eller vil du gerne have din egen have",1.0,24.0,4900.0
Hyggeligt v√¶relse i bof√¶llesskab,1.0,9.0,3750.0
Nyopf√∏rt ender√¶kkehus med udsigt til gr√∏nt omr√•de med lille s√∏ og t√¶t p√• Aarhus,4.5,109.0,10995.0
Ryhavevej,3.0,102.0,9800.0
1 v√¶relses lejlighed p√• 20 m¬≤,1.0,20.0,4000.0
Stor 1 v√¶relses i Risskov,1.0,41.0,5200.0
Parcelhus i Hinnerup,5.0,143.0,11700.0
V√¶relse i Brabrand,1.0,10.0,3600.0
2 v√¶relses lejlighed p√• 62 m¬≤,2.0,62.0,7750.0
Familievenligt omr√•de t√¶t p√• Aarhus C,4.0,89.0,8900.0
Bo midt i natur og idyl ,2.0,78.0,7500.0
Bo smukt i det attraktive Hans Broges Bakker,3.0,91.0,10500.0
"Dejlig lys 3 v√¶r lejlighed, Knudrisgade;2 sal",3.0,94.0,9387.0
Fully Furnished Tiny House in Viby,1.0,30.0,3499.0
2-v√¶relses med terrasse i nybyggeri,2.0,42.0,6245.39
2-v√¶relses med altan i nybyggeri,2.0,50.0,7198.0
3-v√¶relses med altan i nybyggeri,3.0,62.0,8258.33
3. V√ÜR. LEJLIGHED,3.0,99.0,9318.0
Sams√∏gade 8000 Aarhus C,2.0,57.0,8880.0
Hus til leje i Lystrup,4.0,130.0,13500.0
"med egen indgang, bad og wc",1.0,20.0,3600.0
Enkelt v√¶relse til udlejning ,1.0,15.0,3200.0
1 v√¶relses lejlighed p√• Skejbyg√•rdsvej i Aarhus udlejes,1.5,39.0,6295.0
"Lejlighed i √Örhus N - lidt ude i det fri, og 850 meter til letbanestop og 1,5 km til IKEA",2.0,62.0,5550.0
"Dejligt m√∏bleret v√¶relse med stort badev√¶relse og og k√∏kken. Nice quiet room with high ceilings, fully furnished, in house shared with 2 other students.",1.0,22.0,3800.0
Kom og oplev f√∏lelsen af at h√∏re til ‚Äì helt uden forpligtelser. ,2.0,62.0,8200.0
Nyt og moderne hjem med adgang til stort f√¶lleshus,3.0,78.0,9800.0
Moderne lejebolig og f√¶llesskab - n√•r du vil,3.0,86.0,10850.0
Sk√∏nt omr√•de - cykelafstand til Aarhus C.,2.0,64.0,9700.0
2 v√¶r.lejlighed i klassisk Patriciervilla,2.0,55.0,6300.0
Centralt beliggende lejlighed p√• rolig gade,4.0,94.0,11750.0
Centralt beliggende lejlighed p√• rolig gade,4.0,94.0,10800.0
L√¶kker 2-v√¶relses i Aarhus,2.0,39.0,5995.0
Dejlig 2- v√¶relses lejlighed i Tilst!,2.0,52.0,6600.0
G√•rdhavehus udlejes - August/September,2.0,62.0,6200.0
Gr√∏n delevenlig lejlighed - stille gr√∏n oase med gratis parkering,3.0,65.0,8795.0
Delevenlig lejlighed med 2 altaner i Aarhus C,3.0,107.0,11250.0
"Hyggeligt r√¶kkehus med sommerhus-stemning i Holme/H√∏jbjerg - perfekt til den lille familie, par eller enlig",3.0,70.0,10500.0
Sk√∏n 1-v√¶relses lejlighed beliggende i hjertet af Aarhus.,1.0,55.0,7500.0
üè† Indflytningsklar 1 v√¶relses lejlighed i Viby,1.0,33.0,5000.0
J√¶gerg√•rdsgade m. lille altan,2.0,44.0,8982.0
4 v√¶relses lejlighed p√• Broloftet i Risskov udlejes,4.0,100.0,12100.0
STUDIO I HJERTET AF AARHUS,1.0,31.0,5895.0
SK√òN 1-V√ÜRELSES I AARHUS C,1.0,31.0,5995.0
2 v√¶relses lejlighed p√• Broloftet i Risskov udlejes,2.0,58.0,8650.0
Lys 4-v√¶relses lejlighed med altan ,4.0,100.0,11800.0
Sk√∏n lejlighed med stor altan p√• √∏verste etage,3.0,61.0,9995.0
2-v√¶relses lejlighed med 2 altaner og mulighed for husdyr og gratis parkering,2.0,67.0,9750.0
STOR 2'ER MED EGEN ALTAN,2.0,64.0,8595.0
Sk√∏n 2-v√¶relses delevenlig lejlighed i hjertet af Viby!,2.0,65.0,7395.0
SK√òN 2 V√ÜRELSES P√Ö 78 KVM MIDT P√Ö TR√òJBORG,2.0,78.0,10995.0
God delevenlig 2 v√¶relses lejlighed,2.0,63.0,7195.0
3 v√¶relses med sydvendt altan,3.0,75.0,12987.41
Furnished - (M√∏bleret)- Aarhus C - Frederiksbjerg - Move in 1/10 2025,2.0,47.0,8500.0
 2 STORE V√ÜRELSER - DEJLIG STUE K√òKKEN/ALRUM - HAVE - PARKERING ,3.0,82.0,10495.0
Fuldt m√∏bleret 2-v√¶relses lejlighed t√¶t p√• √Örhus,2.0,52.0,5500.0
Nyrenoveret midt i Aarhus C,2.0,60.0,9500.0
2 v√¶relses lejlighed p√• Onsholtvej i Viby J udlejes,2.0,64.0,6820.0
Stor luksuri√∏s lejlighed p√• 186 m2 med tagterrasse i Nicolinehus udlejes,3.0,186.0,37000.0
T√¶t p√• uddannelsessteder og offentlig transport,2.0,61.0,8600.0
4 v√¶relses lejlighed,4.0,133.0,9800.0
Stor 1'er i hyggelig bagg√•rd,1.0,67.0,9050.0
Fremleje af hyggeligt sommerhus,4.0,83.0,14000.0
3- v√¶r. delevenlig stuelejlighed udlejes max. 2 √•r,3.0,85.0,7700.0
Fantastisk flot 3-v√¶relses ,3.0,87.0,10047.0
2 v√¶relses lejlighed med adgang til k√¶mpe terrasse ,2.0,55.0,8500.0
Tilst - en moderne forstad med alt hvad du dr√∏mmer om!,4.0,105.0,10400.0
Sk√∏n 3-v√¶relses i H√∏jbjerg,3.0,77.0,8400.0
Nybyggede 1-v√¶relses lejligheder med hems i Aarhus,1.0,29.0,5350.0
2 v√¶relses lejlighed p√• Borres√∏vej i Risskov udlejes,2.0,58.0,7795.0
5 v√¶relses r√¶kkehus p√• Fuglek√¶rvej i Hasselager udlejes,5.0,109.0,12800.0
L√¶kkert lavenergi r√¶kkehus.,5.0,144.0,13995.0
Sk√∏n og lys lejlighed med altan - Erdahus i √Öbyh√∏j,2.0,61.0,8850.0
"Nyt hjem ved skov, vand og by",4.0,101.0,14595.0
"En hverdag i sm√∏rhullet mellem skov, vand og by",2.0,56.0,8295.0
Billig lejlighed t√¶t p√• Viby,3.0,92.0,10995.0
‚ÄúPendler‚Äù s√∏ges til m√∏bleret lejlighed √Örhus Syd,2.0,60.0,5000.0
2-V√ÜRELSES MED TERRASSE - HUSDYR TILLADT,2.0,48.0,6795.0
Stor 2-v√¶relses med altan og flot havudsigt.,2.0,81.0,10500.0
5 v√¶relses r√¶kkehus p√• Moseg√•rdsparken i Trige udlejes,5.0,117.0,9495.0
Dejligt r√¶kkehus i 2-plan i Tilst,4.0,114.0,13000.0
3 v√¶relses lejlighed p√• Arres√∏vej i Risskov udlejes,3.0,65.0,9195.0
2 v√¶relses lejlighed p√• Engs√∏vej i Risskov udlejes,2.0,61.0,7995.0
SKAL SES! K√¶mpe 3-v√¶relses lejlighed midt i centrum,3.0,116.0,15995.0
V√¶relse i Rundh√∏j,1.0,13.0,3500.0
Stort lyst v√¶relse. 500m fra BSS og 800m til UNI,1.0,34.0,4100.0
V√¶relse i hyggeligt lille hus p√• landet ,1.0,12.0,5000.0
2 v√¶relses lejlighed p√• Guldsmedgade i Aarhus C udlejes,2.0,84.0,11995.0
Moderne 2-v√¶relse med 2 altaner i Aarhus C,2.0,71.0,11500.0
Perfekt lejlighed i sk√∏nne Risskov,1.0,32.0,6495.0
2 v√¶relses lejlighed p√• Vintervej i Aarhus udlejes,2.0,41.0,6195.0
Stor og moderne 4-v√¶relses,4.0,96.0,10300.0
Sk√∏n 1-v√¶relses i attraktive Risskov,1.0,44.0,6800.0
Sk√∏n 4-v√¶relses lejlighed i H√∏iriisparken,4.0,99.0,10650.0
Fantastisk beliggenhed p√• Frederiksbjerg,2.0,59.0,9850.0
Hyggelig lejlighed med egen indgang,2.0,38.0,5300.0
2 v√¶relses lejlighed p√• Amaliegade i Aarhus udlejes,2.0,59.0,10195.0
4 v√¶relses r√¶kkehus p√• R√∏dlundvej i Harlev J udlejes,4.0,90.0,9495.0
5 v√¶relses delevenlig lejlighed,5.0,108.0,9500.0
4 v√¶relses r√¶kkehus p√• R√∏dlundvej i Harlev J udlejes,4.0,90.0,9495.0
Nyere opf√∏rt 1-plans r√¶kkebolig fra 2019 ,4.0,103.0,10250.0
"3-v√¶relses lejlighed udlejes i 5 mdr. ‚Äì Anholtsgade, Aarhus C",3.0,87.0,11000.0
Nybyggede 1-v√¶relses lejligheder med hems i Aarhus,1.0,29.0,5350.0
NY ANNEKSBYGNING MED LANDSKABSUDSIGT,1.0,49.0,4650.0
Nybygget hus i roligt omr√•de ,4.0,100.0,11000.0
3. v√¶r. lejlighed i Eg√•,3.0,85.0,6500.0
Nyt r√¶kkehuse i roligt omr√•de ,5.0,117.0,11900.0
Sk√∏n 2-v√¶relses stuelejlighed p√• attraktive Tr√∏jborgvej ‚Äì 65 m¬≤,2.0,65.0,11000.0
Udsigtslejlighed i Gl. Brabrand,2.0,50.0,6995.0
super god beliggenhed,2.0,47.0,7695.0
Lejlighed med god indretning,4.0,113.0,10495.0
"HUSDYR TILLADT, EGEN ALTAN",2.0,49.0,8500.0
1-V√ÜRELSES I RISSKOV - T√ÜT P√Ö LETBANEN,1.0,44.0,10000.0
1-V√ÜRELSES LEJLIGHED I RISSKOV - AARHUS ,1.0,50.0,10000.0
Flot udsigt,2.0,67.0,6720.0
Nyopf√∏rt 1-v√¶relses lejlighed i Skejbyen,1.0,44.0,6195.0
Rummeligt hus,4.0,106.0,11200.0
"Hinnerup by med stor altan, parkering og gr√¶spl√¶ne",3.0,93.0,8950.0
267 m2 stuehus ved M√•rslet,9.0,267.0,10950.0
Flot 2-v√¶relses lejlighed i Zebra House,2.0,60.0,7245.0
Moderne r√¶kkehus med 4 v√¶relser i H√∏rning,4.0,96.0,10500.0
Moderne r√¶kkehus med 3 v√¶relser i H√∏rning,3.0,84.0,9500.0
Stor og indbydende 3-v√¶relses lejlighed ,3.0,88.0,9500.0
Moderne 1-v√¶relses lejlighed i gr√∏nne omgivelser,1.0,39.0,5900.0
Ny 2-v√¶relseslejlighed med altan,2.0,54.0,8000.0
Velindrettet og rummelig 2-v√¶relses lejlighed ,2.0,56.0,8300.0
Lys og velindrettet 2-v√¶relses lejlighed med terrasse,2.0,41.0,6700.0
Stor 3-v√¶relses lejelighed med terrasse,3.0,78.0,10000.0
Moderne 1-v√¶relses lejlighed i gr√∏nne omgivelser,1.0,39.0,6000.0
1 v√¶relses lejlighed p√• Bytoften i Risskov udlejes,1.0,39.0,5900.0
Lys lille 2-v√¶relses med egen terrasse ,2.0,41.0,6700.0
3-v√¶r. Lejlighed 86 m2 udlejes,3.0,86.0,8000.0
Stuelejlighed,2.0,57.0,8880.0
Stor 4 v√¶relses lejlighed p√• landejendom ved Hasselager med landskabsudsigt,4.0,140.0,10000.0
Hyggelig 1-v√¶relses lejlighed i hjertet af Aarhus C üåá,1.0,32.0,7100.0
Solrig lejlighed med havudsigt,1.0,27.0,4740.0
Renoveret delevenlig 2-v√¶relses lejlighed,2.0,58.0,7000.0
2-V√ÜRELSES LEJLIGHED MED HERLIG UDSIGT,2.0,67.0,6800.0
Rummelig og delevenlig 3-v√¶relses i Aarhus C,3.0,88.0,9850.0
Sk√∏n studie lejlighed i J√¶gerg√•rdsgade,1.0,38.0,5866.0
"STUDERENDE TIL SOMMER 2025? PERFEKT 1,5-V√ÜRELSES",1.0,27.0,5400.0
P√¶n 2 v√¶relses lejlighed,2.0,57.0,6980.0
R√¶kkehus i Lisbjerg,3.0,93.0,9111.0
3-V√ÜRELSES MED CENTRAL BELIGGENHED I RISSKOV,3.0,69.0,9195.0
Delehuset,1.0,18.0,3000.0
4 v√¶relses r√¶kkehus p√• Mejlbyparken i Hjortsh√∏j udlejes,4.0,125.0,10195.0
4 v√¶relses lejlighed p√• Mallingparken i Malling udlejes,4.0,90.0,10495.0
HYGGELIG 1'ER I MED GOD BELIGGENHED I RISSKOV,1.0,38.0,5800.0
1-v√¶relses med altan t√¶t ved Aarhus C,1.0,34.0,6795.0
TOTALRENOVERET STOR-VILLA I HASSELAGER - T√ÜT P√Ö AARHUS,5.0,210.0,22000.0
3 v√¶relses lejlighed p√• Mallingparken i Malling udlejes,3.0,80.0,9595.0
Sk√∏n 2-v√¶relses med altan og t√¶t p√• Aarhus C,2.0,63.0,8495.0
Til Salg Sk√∏n 1 v√¶relseslejlighed p√• 47m2 med privat parkering,1.0,47.0,6000.0
5 v√¶relses r√¶kkehus p√• Vistih√∏jen i Aarhus N udlejes,5.0,118.0,13450.0
Stor k√¶lderlejlighed i Viby beliggende t√¶t p√• erhvervsakademiet,2.0,80.0,6900.0
Lys 1-v√¶relses lejlighed med hems i Viby J,1.0,42.0,5750.0
Delevenlig 3-v√¶relses med altan,3.0,67.0,9700.0
3-v√¶relses lejlighed med f√¶lles tagterrasse,3.0,64.0,8250.0
Moderne 2-v√¶relses lejlighed i Bloomsterhaven,2.0,40.0,6250.0
RUMMELIG 2-V√ÜRELSES MED ALTAN,2.0,60.0,7950.0
STOR 2'ER MED SOLALTAN!,2.0,64.0,8595.0
2 STORE V√ÜRELSER - DEJLIG STUE K√òKKEN/ALRUM - HAVE - PARKERING ,3.0,80.0,10095.0
 2 STORE V√ÜRELSER - DEJLIG STUE K√òKKEN/ALRUM - HAVE - PARKERING ,3.0,80.0,10095.0
Moderne og stemningsfulde boliger i hjertet af Tr√∏jborg,4.0,108.0,17800.0
Moderne og stemningsfulde boliger i hjertet af Tr√∏jborg,4.0,109.0,17200.0
Moderne og stemningsfulde boliger i hjertet af Tr√∏jborg,1.0,44.0,7500.0
"3 v√¶relses bolig, i smukke omgivelser i Risskov",3.0,106.0,13427.0
Moderne boliger i smukke omgivelser,3.0,84.0,12395.0
Moderne boliger i smukke omgivelser,3.0,83.0,12195.0
Moderne boliger i smukke omgivelser,2.0,65.0,9595.0
"Sj√¶ldent udbudt 3-v√¶relses ud til roligt villakvarter, hvor parkering stilles til r√•dighed!!",3.0,75.0,8800.0
Moderne boliger i smukke omgivelser,3.0,84.0,12695.0
Moderne boliger i smukke omgivelser,1.0,45.0,7195.0
Moderne boliger i smukke omgivelser,4.0,119.0,16895.0
Stor altan og kun 15 min. fra Aarhus C,3.0,74.0,8950.0
VELINDRETTET 2-V√ÜRELSES I RISSKOV BRYNET,2.0,46.0,7900.0
2 v√¶relses lejlighed p√• Onsholtvej i Viby J udlejes,2.0,62.0,6820.0
Enest√•ende lejlighed ved Eg√• Marina,3.0,103.0,14000.0
L√ÜKKER 2-V√ÜRELSES MED EGEN ALTAN - TILST,2.0,42.0,6695.0
1-V√ÜRELSES I RISSKOV,1.0,38.0,5900.0
V√¶relse udlejes med parkering,1.0,17.0,4000.0
PENDLER/ Commuter se her: M√∏bleret 2 v√¶relses lejlighed centralt i √Örhus udlejes ,2.0,54.0,4700.0
2-v√¶r. lejlighed,2.0,63.0,6400.0
Indflytningsklar lejlighed med egen altan og gratis fitness,1.0,30.0,5995.0
"Luksuri√∏s, egen altan, gratis fitness",1.0,29.0,5995.0
1 v√¶r. lejlighed med hems i √Örhus C.,1.0,67.0,8750.0
Stor flot lejlighed midt i Aarhus ,3.0,110.0,18350.0
1 v√¶r. lejlighed med hems i centrum af Aarhus,1.0,64.0,8500.0
"3V√¶relser 2800kr mdr. udhuse,f√¶lles arealer.",3.0,30.0,2800.0
2-v√¶relses lejlighed i gr√∏nne omgivelser ,2.0,74.0,7538.0
Lys 4-v√¶relses lejlighed til leje,4.0,98.0,14295.0
Stor 4-v√¶relses med privat terrasse,4.0,125.0,17595.0
Sk√∏n 4-v√¶relses lejlighed til leje,4.0,98.0,14295.0
Sk√∏nt r√¶kkehus t√¶t p√• Aarhus med fantastisk udsigt!,5.0,126.0,12600.0
1 V√ÜRELSE UDLEJES I STOR 90KVM LEJLIGHED,1.0,28.0,3300.0
Nyopf√∏rt 4-v√¶relses r√¶kkehus med egen p-plads med mulighed for ladestander. ,4.0,112.0,11000.0
Nyopf√∏rt 4-v√¶relses r√¶kkehus med egen p-plads med mulighed for ladestander. ,4.0,120.0,11500.0
"Stort, familievenligt 5-v√¶relses r√¶kkehus i Brabrand",5.0,119.0,12195.0
Popul√¶re Stavtrup - dejlig 3-v√¶r t√¶t p√• naturen,3.0,85.0,9543.0
DEJLIG 1'ER I √ÖBYH√òJ,1.0,35.0,6795.0
CENTRALT PLACERET 1-V√ÜRELSES,1.0,34.0,6795.0
Nybygget hus i godt omr√•de ,4.0,100.0,11000.0
Storvilla med enest√•ende 180 gr udsigt i Gl. Risskov,10.0,281.0,25000.0
5 v√¶relses r√¶kkehus p√• R√∏dlundvej i Harlev J udlejes,5.0,110.0,10195.0
Lejlighed/r√¶kkehus til lille familie,4.0,98.0,9300.0
1 v√¶relse midt i √Öbyh√∏j t√¶t p√• centrum og Uni,1.0,15.0,2900.0
Sj√¶lden udbudt lejebolig,4.0,143.0,10000.0
Nyere renoveret et-plans villa p√• vandsiden,5.0,155.0,25000.0
Dejlig lejlighed p√• 100 kvm,4.0,100.0,7900.0
4 v√¶relses lejlighed p√• Rundh√∏j All√© i H√∏jbjerg udlejes,4.0,137.0,12499.0
4 v√¶relses lejlighed p√• Povl Kj√∏llers All√© i Aarhus N udlejes,4.0,90.0,11100.0
2 v√¶r med altan,2.0,61.0,13595.0
"HUSDYR TILLADT, FRI PARKERING, GULVVARME I HELE BOLIGEN",2.0,50.0,6695.0
R√ÜKKEHUS TIL HELE FAMILIEN I SK√òNNE OMGIVELSER ,4.0,112.0,10995.0
Flot ny bolig i to plan med loft til kip og altan.,4.0,137.0,13490.0
Flot ny bolig i to plan med loft til kip og stor altan,4.0,113.0,12590.0
Perfekt delelejlighed i hjertet af Aarhus,3.0,98.0,15000.0
Flot renoveret villa med panoramaudsigt til Aarhus bugten,3.0,97.0,12490.0
"5 v√¶relser, R√∏nnevangen, 8471 Sabro ",5.0,124.0,11450.0
Delevenlig 2-v√¶relses lejlighed til leje,2.0,62.0,6000.0
Popul√¶r 2-v√¶relses med lav indflytningspris og t√¶t p√• Aarhus C,2.0,35.0,6195.0
Eftertragtet 2-v√¶relses med terrasse og t√¶t p√• Aarhus,2.0,35.0,6195.0
Moderne og stemningsfulde boliger i hjertet af Tr√∏jborg,4.0,109.0,17000.0
SENIORBOLIG MED SK√òN ALTAN,3.0,79.0,11500.0
Charmerende to-etagers lejlighed midt i Aarhus C,3.0,117.0,16500.0
V√¶relse i natursk√∏nt omr√•de,1.0,12.0,2800.0
Nyere et-plans r√¶kkehus fra 2020 med egen sydvendt have,3.0,80.0,9299.0
2 v√¶relses lejlighed p√• Kamma Klitg√•rds Gade i Risskov udlejes,2.0,68.0,8550.0
Mulighed for at flytte ind snart ,4.0,110.0,11400.0
1 v√¶relses lejlighed p√• 32 m¬≤,1.0,32.0,4075.0
2 v√¶relses m/lille g√•rdhave,2.0,71.0,6450.0
Lyst og velindrettet ender√¶kkehus i b√∏rnevenlige omgivelser ,5.0,127.0,13195.0
Nyere 2 v√¶r. midt i Hinnerup ,2.0,54.0,6700.0
3 v√¶relses til leje i Risskov ,3.0,68.0,8995.0
Charmerende og moderniseret lejlighed centralt i Aarhus City,3.0,76.0,9500.0
Stor 4 v√¶relses lejlighed til leje,4.0,103.0,11595.0
Sk√∏n 2 v√¶relses lejlighed til leje,2.0,67.0,8595.0
Sk√∏n 2 v√¶relses lejlighed til leje,2.0,63.0,8495.0
"2 v√¶relses lejlighed ved Sp√∏rring,med bus kig ud foran ",2.0,58.0,4600.0
Unik lille 2 v√¶r. m/altan og panoramudsigt,2.0,47.0,6200.0
Sk√∏n 2 v√¶relses lejlighed til leje,2.0,43.0,6695.0
Sk√∏n 2 v√¶relses lejlighed til leje,2.0,45.0,6595.0
"M√∏bleret lejlighed p√• Frederiksbjerg, √Örhus",3.0,94.0,15000.0
Sk√∏n 2 v√¶relses lejlighed til leje,2.0,51.0,7395.0
Lyst √∏stvendt v√¶relse i stille ejendom,1.0,14.0,4200.0
1-V√ÜRELSES MED CENTRAL BELIGGENHED OG UNIKKE F√ÜLLESFACILITETER,1.0,37.0,6995.0
55+ BOLIGER I RISSKOV - RUMMELIE BOLIGER,2.0,51.0,7500.0
1 v√¶relses lejlighed p√• Skejbyg√•rdsvej i Aarhus udlejes,1.0,29.0,5195.0
V√¶relse til leje i villalejlighed,1.0,9.0,3000.0
Sk√∏n 2 v√¶relses lejlighed til leje,2.0,41.0,6695.0
Stor stue med udgang til stor indbygget altan total ca 55 kvm,1.0,55.0,4300.0
Nyere lejlighed i centrum af Hinnerup,3.0,113.0,9000.0
TOPL√ÜKRE NYERE LEJLIGHEDER,2.0,45.0,6095.0
TOPL√ÜKRE NYERE LEJLIGHEDER,1.0,41.0,5495.0
TOPL√ÜKRE NYERE LEJLIGHEDER - PERFEKT INDRETNING- BLOT 4 KM FRA AARHUS C!,2.0,45.0,5995.0
Gratis P-pladser - roligt omr√•de i gr√∏nne omgivelser,2.0,51.0,6750.0
2 v√¶relses lejlighed p√• Vintervej i Aarhus udlejes,2.0,45.0,7195.0
Lejlighed til leje ‚Äì 108 m¬≤ Eg√•,2.0,108.0,7200.0
3 v√¶relses r√¶kkehus p√• Vistih√∏jen i Aarhus N udlejes,3.0,82.0,9450.0
PERFEKT DELEVENLIG LEJLIGHED MED UDSIGT TIL AROS,3.0,93.0,14995.0
lejlighed med god indretning,3.0,86.0,8795.0
2-v√¶relses p√• Frederiksbjerg,2.0,71.0,10950.0
Stor og velindrettet 2-v√¶relses,2.0,67.0,9500.0
Working at AU? - Furnished Studio apartment - 48 m2 - 2 minutes from the University - free parking - hotel standard,2.0,48.0,9500.0
L√ÜKKER 2-v√¶relses lejebolig,2.0,64.0,6950.0
Rummelig lejlighed i H√∏jbjerg,1.0,45.0,6000.0
Moderne boliger i smukke omgivelser,1.0,48.0,7195.0
Moderne boliger i smukke omgivelser,2.0,62.0,9595.0
Moderne boliger i smukke omgivelser,4.0,111.0,15995.0
Moderne 4-v√¶relset r√¶kkehus centralt i Sk√∏dstrup,4.0,122.0,12395.0
F√¶llesskab - udsigt og hotel stemning,1.0,29.0,5750.0
Stor 1-v√¶relses fuldt m√∏bleret lejlighed,1.0,29.0,5800.0
1-V√ÜRELSES SENIORBOLIG ,1.0,47.0,5995.0
3 store v√¶relser i √Örhus midtby ved Vesterbro Torv,3.0,80.0,12000.0
Lejlighed i 2 plan - husleje er inkl forbrug,2.0,59.0,6000.0
Attraktiv lejlighed i Klinteg√•rden,3.0,109.0,13500.0
Lejlighed med elevator og altan,2.0,77.0,9010.0
4 v√¶r. lejlighed p√• 102 m¬≤ med mindre g√•rdhave,4.0,102.0,9198.83
4 v√¶r. lejlighed p√• 102 m¬≤ med mindre g√•rdhave,4.0,102.0,9198.83
Moderne lejebolig og f√¶llesskab - n√•r du vil,3.0,88.0,10650.0
V√¶relse udlejes ,1.0,12.0,3000.0
Nybygget 2-v√¶relses lejlighed,2.0,63.0,6637.0
1-V√ÜRELSES LEJLIGHED I RISSKOV,1.0,39.0,6500.0
5 v√¶r p√• Frederiksbjerg ,5.0,130.0,18000.0
Sk√∏n lejlighed ved brabrands√∏en.,3.0,74.0,8000.0
Ny m√•de at bo p√• i Aarhus,1.0,29.0,5800.0
Hus 100 m2 bolig - pris v. max 2 personer,3.0,95.0,8000.0
"Boligen til den studerende, singlen eller det unge par",1.0,38.0,6195.0
Dejlig v√¶relse ledig i en kvist lejlighed,1.0,16.0,4000.0
2 v√¶relses lejlighed p√• Engs√∏vej i Risskov udlejes,2.0,68.0,9195.0
L√¶kre 4 v√¶r. r√¶kkehuse i Sabro,4.0,102.0,10921.0
Nybygget hus i godt omr√•de ,4.0,100.0,11100.0
Familievenligt omr√•de t√¶t p√• Aarhus C,3.0,89.0,9500.0
3 v√¶relses lejlighed p√• Vistih√∏jen i Aarhus N udlejes,3.0,82.0,9250.0
Charming furnished aparment in a quiet area,3.0,79.0,12500.0
Central and cosy room in the City.,1.0,20.0,4200.0
Totalrenoveret landejendom stuehus p√• 160 m2.,4.0,160.0,16000.0
Flot 113 kvm herskabslejlighed med √•-kig fremlejes,4.0,113.0,16500.0
3-v√¶relses lejlighed i Aarhus N,3.0,84.0,8950.0
Stor 1-v√¶relses fuldt m√∏bleret lejlighed en ekstra bred altan,1.0,31.0,5650.0
Fuldt m√∏bleret lejlighed med egen altan og gratis fitness,1.0,29.0,5800.0
"T√¶t p√• skov, havn og vand",3.0,70.0,9999.0
Lejlighed med terrasse mod skoven ,3.0,122.0,11800.0
R√¶kkehus i Hinnerup med walk-in,4.0,120.0,12750.0
"EGEN ALTAN, VASKEMASKINE OG T√òRRETUMBLER, 3-D VISNING",1.0,34.0,6795.0
 STOR DELEVENLIG 3-V√ÜRELSES I RISSKOV,3.0,128.0,16500.0
M√∏bleret lejlighed fremlejes fra midt september til midt december,2.0,47.0,7000.0
V√¶relse 3,1.0,12.0,3000.0
FUNKTIONEL 1'ER I AARHUS - UNIKKE F√ÜLLESFACILITETER,1.0,34.0,6795.0
Stor og lys stue lejlighed i H√∏iriisparken ,4.0,76.0,9275.0
"Fremleje - R√¶kkehus i Pr√¶stehaven, t√¶t p√• √Örhus midtby og universitetet.",6.0,100.0,11000.0
Bolig til leje,4.0,110.0,11000.0
Sk√∏n 3 v√¶relses lejlighed,3.0,90.0,10595.0
Sk√∏n 2 v√¶relses lejlighed til leje,2.0,45.0,6995.0
F√¶llesskab - udsigt og hotel stemning,1.0,29.0,5400.0
Sk√∏n 2 v√¶relses lejlighed til leje,2.0,59.0,7495.0
Sk√∏n lejlighed med hems og charme n√¶rmeste nabo Aaarhus universitet ,2.0,44.0,7990.0
Sk√∏n 2 v√¶relses lejlighed,2.0,41.0,6395.0
Sk√∏n 2 v√¶relses lejlighed,2.0,51.0,7395.0
2 v√¶relses klar til indflytning ,2.0,75.0,6600.0
Sk√∏n 2 v√¶relses lejlighed,2.0,41.0,6495.0
Sk√∏n 2 v√¶relses lejlighed til leje,2.0,41.0,6595.0
Flot 2-v√¶relses lejlighed i Zebra House,2.0,63.0,7345.0
Perfekt til studerende,1.0,35.0,4263.0
HELT NYE LEJLIGHEDER - GODE F√ÜLLESFACILITER - UDSIGT - GOD INDRETNING,2.0,54.0,5998.0
HELT NYE LEJLIGHEDER - GODE F√ÜLLESFACILITER - UDSIGT - GOD INDRETNING,2.0,53.0,6198.0
3 v√¶relses lejlighed p√• Engtoften i Aarhus udlejes,3.0,55.0,8195.0
2 STORE V√ÜRELSER - DEJLIG STUE K√òKKEN/ALRUM - HAVE - PARKERING ,3.0,82.0,10495.0
BLOMSTERR√ÜKKERNE!,5.0,114.0,12695.0
TOPL√ÜKRE NYERE LEJLIGHEDER,2.0,42.0,6095.0
Leje v√¶relse i 2 v√¶relses lejlighed ,1.0,17.0,2000.0
PENTHOUSE LEJLIGHED - TAGTERRASSE - FANTASTISK UDSIGT - GODE F√ÜLLESFACILITER - GOD INDRETNING,3.0,77.0,8498.0
HELT NYE LEJLIGHEDER - GODE F√ÜLLESFACILITER - UDSIGT - GOD INDRETNING,1.0,40.0,4998.0
HELT NYE LEJLIGHEDER - GODE F√ÜLLESFACILITER - UDSIGT - GOD INDRETNING,2.0,54.0,6498.0
Lejlighed til par eller enlig,2.0,54.0,7495.0
TOPL√ÜKRE NYERE LEJLIGHEDER - PERFEKT INDRETNING- BLOT 4 KM FRA AARHUS C!,2.0,57.0,6995.0
3 v√¶relses lejlighed p√• Vistih√∏jen i Aarhus N udlejes,3.0,86.0,9450.0
Hyggelig 1 v√¶relses med hems i Studielandsbyen!,1.0,18.0,5500.0
"3-v√¶relses bolig, i smukke omgivelser i Risskov ",3.0,93.0,12027.0
"2-v√¶relses bolig, i smukke omgivelser i Risskov",2.0,87.0,11290.0
L√¶kkert nyrenoveret v√¶relse/lejlighed t√¶t p√• Risskov og Uni.,1.0,20.0,6000.0
2 v√¶relses lejlighed p√• Onsholtvej i Viby J udlejes,2.0,59.0,6820.0
Fin Lejlighed overtagelse evt ny istand sat eller rimelig stand (s√• skal den ogs√• kun afleveres i rimelig stand),4.0,113.0,7950.0
Hyggeligt v√¶relse i fredeligt omr√•de i √Öbyh√∏j,1.0,12.0,4500.0
Billigt v√¶relse med super beliggenhed p√• Tr√∏jborg fremlejes. Gratis husleje resten af maj. ,1.0,15.0,3525.0
Flot Landejendom i Hvilsted,7.0,238.0,15995.0
Stor 1-v√¶relses fuldt m√∏bleret lejlighed med en sk√∏n altan,1.0,30.0,5800.0
Fuldt m√∏bleret lejlighed med egen altan og gratis fitness,1.0,31.0,5850.0
L√ÜKKER LEJLIGHED MED STOR ALTAN - SENIORBOLIG,2.0,61.0,8995.0
Viby v√¶relse i delelejlighed,1.0,30.0,2795.0
Hyggelig 1-v√¶relses lejlighed i √Öbyh√∏j ‚Äì t√¶t p√• Aarhus Universitet,1.0,27.0,4500.0
Dejligt r√¶kkehus i 2-plan i Tilst,4.0,114.0,12995.0
TOPL√ÜKRE NYERE LEJLIGHEDER,2.0,46.0,6095.0
TOPL√ÜKRE NYERE LEJLIGHEDER - PERFEKT INDRETNING- BLOT 4 KM FRA AARHUS C!,2.0,45.0,6095.0
V√¶relse p√• 21 m2,2.0,34.0,2595.0
Bolig med 2 v√¶relser p√• netto cirka 36 kvm fordelt p√• to gode rum og skabsgang,2.0,48.0,2998.0
Smuk m√∏bleret 2 v√¶relses lejlighed,2.0,81.0,10671.0
V√¶relse udlejes i Risskov,1.0,12.0,4200.0
S√∏ger du et hjem? V√¶relse ledigt i hyggelig lejlighed,1.0,19.0,4500.0
3 v√¶relses lejlighed p√• 98 m¬≤,3.0,99.0,16900.0
Moderne boliger i smukke omgivelser,1.0,52.0,7495.0
Moderne boliger i smukke omgivelser,3.0,84.0,12295.0
"Villa med klassisk charme og moderne komfort, Hasle",5.0,120.0,18000.0
2 v√¶relser i Harlev,2.0,53.0,5300.0
" L√¶kker nyistandsat lejlighed p√• Damagervej, Viby J",1.0,38.0,5600.0
Semi Furnished Room of 30sqm,1.0,30.0,4200.0
Moderne boliger i smukke omgivelser,5.0,141.0,22795.0
Moderne boliger i smukke omgivelser,1.0,43.0,6995.0
Moderne boliger i smukke omgivelser,3.0,85.0,12195.0
Attraktiv lejlighed med panoramaudsigt,5.0,143.0,12600.0
Kort tids leje ,3.0,72.0,7500.0
Lys 2-v√¶relses lejlighed p√• 1. sal med udsigt og f√¶llesfaciliteter ‚Äì t√¶t p√• Aarhus C,2.0,41.0,6200.0
"Boligen til den studerende, singlen eller det unge par",1.0,39.0,6195.0
"Bolig p√• 117m¬≤ I Onsted, t√¶t p√• Solbjerg",2.0,117.0,7610.0
Stor v√¶relse m. k√∏kken udlejes,1.0,26.0,3000.0
Lejlighed i natur omr√•de ,4.0,94.0,9000.0
Lejlighed i natur omr√•de ,4.0,107.0,9000.0
V√¶relse i hyggeligt bof√¶llesskab t√¶t p√• AUH,1.0,12.0,3500.0
"80 meter fra UNI, stor smuk stue 25 kvm, adgang til k√∏kkenalrum 20 kvm, have, 2 toiletter,det ene med bad, stor √•ben entre",1.0,25.0,4250.0
Dejligt 3-v√¶relses r√¶kkehus i 2-plan i Tilst,3.0,80.0,10095.0
Lejlighed i stuen,3.0,80.0,7900.0
Sk√∏n 5 v√¶relses lejlighed til leje,5.0,131.0,12495.0
¬§.v√¶relses delevenlig lejlighed ,4.0,115.0,8999.0
Hyggelig 2-v√¶relses med altan og gr√∏nne omgivelser,2.0,48.0,6950.0
3 v√¶relses r√¶kkehus p√• Vistih√∏jen i Aarhus N udlejes,3.0,82.0,9350.0
L√¶kker 2-v√¶r. p√• Aarhus √ò til leje midt august - oktober,2.0,59.0,11900.0
Nyrenoveret bolig i Trige,4.0,121.0,10362.0
"Klubv√¶relse udlejes, omkring 29 m2, Viby/Kongsvang",1.0,29.0,3470.0
Anderledes studiebolig,2.0,45.0,4950.0
Lejlighed i natur omr√•de ,2.0,45.0,6600.0
Stor 3-v√¶relses p√• Bytorvet,3.0,106.0,10445.0
Stor flot lejlighed beliggende i hjertet af Aarhus.,3.0,111.0,16000.0
R√¶kkehus i Hasselager,5.0,150.0,15000.0
Totalrenoveret halv dobbelthus i Brabrand,4.0,86.0,11900.0
Godt beliggende 2-v√¶relses i Lystrup,2.0,48.0,6495.0
Lejlighed t√¶t p√• uddannelsesinstitutioner - til salg ,2.0,61.0,10000.0
V√¶relse udlejes! ,1.0,13.0,4100.0
2 v√¶relser (2x14kvm),2.0,28.0,3000.0
Perlen p√• Gammel Viborgvej ,3.0,90.0,8000.0
TOPL√ÜKRE NYERE LEJLIGHEDER - PERFEKT INDRETNING- BLOT 4 KM FRA AARHUS C!,2.0,45.0,5895.0
TOPL√ÜKRE NYERE LEJLIGHEDER - PERFEKT INDRETNING- BLOT 4 KM FRA AARHUS C!,2.0,49.0,6495.0
"2 v√¶relse med egen indgang, k√∏kken, bad",2.0,40.0,6000.0
Dejlig r√¶kkehus til √•ben natur,4.0,116.0,11500.0
"One bedroom, All expenses incl. ",2.0,49.0,9125.0
V√¶relse til leje,1.0,6.0,3500.0
1 m√•ned leje af sovev√¶relse,1.0,16.0,4100.0
FANTASTISK 4-V√ÜRELSES ,4.0,114.0,10995.0
V√¶relse i midtby,1.0,18.0,3800.0
Hyggeligt v√¶relse i taglejlighed i Gl. Aaby,1.0,12.0,2450.0
Stor 2 v√¶r med terrasse,2.0,81.0,11795.0
Lystrup C  N√¶r letbanen,3.0,89.0,7000.0
V√¶relse m. eget k√∏kken,1.0,18.0,3999.0
"2-v√¶relses bolig, i smukke omgivelser i Risskov ",2.0,96.0,12338.0
Velbeliggende hus i M√•rslet,7.0,184.0,14000.0
Sk√∏nne omgivelser i Sk√¶ring,3.0,105.0,16500.0
Lejer 1 v√¶relse ,1.0,9.1,2500.0
Attraktiv og moderne studiebolig i ungt og socialt milj√∏,1.0,34.0,3446.0
"Store delvenlige v√¶relser med adgang til k√∏kken, badev√¶relse og gode f√¶llesarealer",1.0,16.0,3900.0
Lys 3.v√¶relses delvenlig lejlighed ,3.0,100.0,9692.0
"Klubv√¶relse udlejes, p√•. 25 m2, Viby/Kongsvang",1.0,25.0,3100.0
Lyst og roligt v√¶relse - med central beliggenhed,1.0,9.0,6500.0
"2-v√¶relses bolig, i smukke omgivelser i Risskov",2.0,111.0,13878.0
K√¶lderv√¶relse i stille villa kvater,1.0,20.0,3300.0
Stort villa p√• landet ,4.0,153.0,15000.0
Lejlighed med elevator,2.0,84.0,7237.0
Lyst v√¶relse i Viby / Bright room in Viby,1.0,27.0,3200.0
Lys og venlig lejlighed udlejes p√• Mundelstrupg√•rd,2.0,70.0,6900.0
Stor delevenlig 4.v√¶relses,4.0,120.0,8162.0
Furnished co-living apartment for working professionals (short or long term),1.0,18.0,7810.0
Creative International Collective,1.0,12.0,2700.0
Hyggeligt hus i smuk natur i mindre landsby t√¶t p√• Aarhus.,3.0,120.0,8500.0
"2-v√¶relses bolig, i smukke omgivelser i Risskov ",2.0,81.0,10703.0
6  mdr fremleje i toppen af √∏gaderne ,3.0,99.0,8500.0
"2-v√¶relses bolig, i smukke omgivelser i Risskov",2.0,76.0,10124.0
"2-v√¶relses bolig, i smukke omgivelser i Risskov ",2.0,90.0,11611.0
"3-v√¶relses bolig, i smukke omgivelser i Risskov",3.0,110.0,13846.0
"2-v√¶relses bolig, i smukke omgivelser i Risskov ",2.0,93.0,11964.0
"4-v√¶relses bolig, i smukke omgivelser i Risskov",4.0,108.0,13599.0
"2-v√¶relses bolig, i smukke omgivelser i Risskov",2.0,91.0,11761.0
"2-v√¶relses bolig, i smukke omgivelser i Risskov",2.0,79.0,10455.0
"3-v√¶relses bolig, i smukke omgivelser i Risskov ",3.0,96.0,12337.0
"3-v√¶relses bolig, i smukke omgivelser i Risskov ",3.0,91.0,11781.0
"3-v√¶relses bolig, i smukke omgivelser i Risskov ",3.0,90.0,11642.0
"2-v√¶relses bolig, i smukke omgivelser i Risskov",2.0,84.0,11023.0
"2-v√¶relses bolig, i smukke omgivelser i Risskov",2.0,57.0,8148.0
"1-v√¶relses bolig, i smukke omgivelser i Risskov",1.0,61.0,8522.0
" 1-v√¶relses bolig, i smukke omgivelser i Risskov ",1.0,53.0,7741.0
"2-v√¶relses bolig, i smukke omgivelser i Risskov",2.0,88.0,11451.0
"1-v√¶relses bolig, i smukke omgivelser i Risskov",1.0,60.0,8467.0
"1-v√¶relses bolig, i smukke omgivelser i Risskov",1.0,58.0,9367.0
"2-v√¶relses bolig, i smukke omgivelser i Risskov",2.0,87.0,11290.0
"1-v√¶relses bolig, i smukke omgivelser i Risskov",1.0,58.0,8233.0
"2-v√¶relses bolig, i smukke omgivelser i Risskov ",2.0,90.0,11623.0
"3-v√¶relses bolig, i smukke omgivelser i Risskov ",3.0,114.0,14241.0
"1 v√¶relses bolig, i smukke omgivelser i Risskov",1.0,81.0,10713.0
"2 v√¶relses bolig, i smukke omgivelser i Risskov",2.0,102.0,12980.0
3 rums bolig i smukke omgivelser i Risskov,3.0,103.0,13076.0
"1-v√¶relses bolig, i smukke omgivelser i Risskov",1.0,87.0,11355.0
"2-v√¶relses bolig, i smukke omgivelser i Risskov",2.0,111.0,13878.0
Charmerende lejlighed t√¶t p√• ARoS og Aarhus Hovedbaneg√•rd / Charming apartment close to ARoS & Aarhus Central Station,2.0,36.0,8600.0
"2 v√¶relses bolig, i smukke omgivelser i Risskov",2.0,99.0,12648.0
" 3-v√¶relses bolig, i smukke omgivelser i Risskov",3.0,105.0,13279.0
" 1-v√¶relses bolig, i smukke omgivelser i Risskov ",1.0,43.0,6630.0
"2-v√¶relses bolig, i smukke omgivelser i Risskov",2.0,80.0,10628.0
" 2-v√¶relses bolig, i smukke omgivelser i Risskov",2.0,62.0,8661.0
"2-v√¶relses bolig, i smukke omgivelser i Risskov",2.0,92.0,11836.0
Lejlighed p√• 164m¬≤ i Trandbjerg/Hasselager ,4.0,164.0,10100.0
OBS only available in some of the week-days. not available in the week-ends. Commute room (pendlerv√¶relse) - Cozy room close to Aarhus C ,1.0,10.0,2400.0
1-v√¶relses lejlighed i Aarhus C / Studio apartment in Aarhus C. ,1.0,30.0,7098.0
Pendlerv√¶relse,1.0,20.0,2800.0
Stort hus i Viby J,7.0,218.0,19350.0
"3-v√¶relses bolig, i smukke omgivelser i Risskov ",3.0,115.0,14380.0
"3 v√¶relses bolig, i smukke omgivelser i Risskov",3.0,95.0,12199.0
"3-v√¶relses bolig, i smukke omgivelser i Risskov",3.0,88.0,11451.0
"3-v√¶relses bolig, i smukke omgivelser i Risskov",3.0,90.0,11612.0
"1 v√¶relses bolig, i smukke omgivelser i Risskov",1.0,60.0,8469.0
" 2 v√¶relses bolig, i smukke omgivelser i Risskov",2.0,93.0,11932.0
"2-v√¶relses bolig, i smukke omgivelser i Risskov ",2.0,80.0,10639.0
"2-v√¶relses bolig, i smukke omgivelser i Risskov",2.0,112.0,14006.0
"2 v√¶relses bolig, i smukke omgivelser i Risskov",2.0,82.0,10799.0
"3 v√¶relses bolig, i smukke omgivelser i Risskov",3.0,115.0,14380.0
"1 v√¶relses bolig, i smukke omgivelser i Risskov",1.0,77.0,10297.0
"2-v√¶relses bolig, i smukke omgivelser i Risskov",2.0,88.0,11483.0
"2 v√¶relses bolig, i smukke omgivelser i Risskov",2.0,88.0,11462.0
"1-v√¶relses bolig, i smukke omgivelser i Risskov",1.0,54.0,7836.0
"3-v√¶relses bolig, i smukke omgivelser i Risskov",3.0,94.0,12080.0
"2-v√¶relses bolig, i smukke omgivelser i Risskov ",2.0,89.0,11579.0
"2 v√¶relses bolig, i smukke omgivelser i Risskov",2.0,85.0,11151.0
"3-v√¶relses bolig, i smukke omgivelser i Risskov ",3.0,113.0,14156.0
" 3-v√¶relses bolig, i smukke omgivelser i Risskov ",3.0,94.0,12039.0
"1 v√¶relses bolig, i smukke omgivelser i Risskov",1.0,72.0,9687.0
"3 v√¶relses bolig, i smukke omgivelser i Risskov",3.0,96.0,12349.0
"3 v√¶relses bolig, i smukke omgivelser i Risskov",3.0,111.0,13931.0
"1 v√¶relses bolig, i smukke omgivelser i Risskov",1.0,81.0,10735.0
"2-v√¶relses bolig, i smukke omgivelser i Risskov",2.0,106.0,13397.0
Nyrenoveret bolig i Trige,2.0,89.0,7888.0
"2-v√¶relses bolig, i smukke omgivelser i Risskov",2.0,86.0,11238.0
"1-v√¶relses bolig, i smukke omgivelser i Risskov",1.0,60.0,8467.0
"2-v√¶relses bolig, i smukke omgivelser i Risskov",2.0,89.0,11579.0
"2-v√¶relses bolig, i smukke omgivelser i Risskov ",2.0,84.0,11045.0
"1-v√¶relses bolig, i smukke omgivelser i Risskov ",1.0,52.0,7603.0
"2-v√¶relses bolig, i smukke omgivelser i Risskov ",2.0,112.0,14038.0
75 svanem√¶rkede r√¶kkehuse midt i natursk√∏nne Brabrand,5.0,117.0,11200.0
75 svanem√¶rkede r√¶kkehuse midt i natursk√∏nne Brabrand,5.0,117.0,11000.0
75 svanem√¶rkede r√¶kkehuse midt i natursk√∏nne Brabrand,5.0,117.0,11000.0
75 svanem√¶rkede r√¶kkehuse midt i natursk√∏nne Brabrand,4.0,94.0,10300.0
75 svanem√¶rkede r√¶kkehuse midt i natursk√∏nne Brabrand,4.0,100.0,10400.0
Dejligt r√¶kkehus i rolige omgivelser,5.0,134.0,11200.0
Tov√¶relses lejlighed i Aarhus C / One bedroom apartment in Aarhus C,2.0,42.0,7615.0
75 svanem√¶rkede r√¶kkehuse midt i natursk√∏nne Brabrand,5.0,117.0,11000.0
75 svanem√¶rkede r√¶kkehuse midt i natursk√∏nne Brabrand,5.0,117.0,11000.0
75 svanem√¶rkede r√¶kkehuse midt i natursk√∏nne Brabrand,5.0,117.0,11000.0
"v√¶relse,100 meter fra Uni , 17 kvm, til leje i villa.3950/md",1.0,17.0,4250.0
Furnished Aarhus C. incl. consumption,2.0,36.0,8618.0
Velkommen til Bl√¶khus Aarhus,1.0,32.0,4995.0
Enkelv√¶relse til leje      Room for rent,1.0,20.0,4000.0
Dejligt hus centralt  i Sk√¶ring,4.0,117.0,12500.0
Bolig p√• 182m¬≤ i Solbjerg,5.0,182.0,9700.0
Tov√¶relses midt i Aarhus,2.0,42.0,8628.0
1- v√¶relses lejlighed ,1.0,25.0,3500.0
Rummelig lejlighed i H√∏jbjerg,2.0,69.0,8950.0
2 v√¶relses lejlighed i Rundh√∏j,2.0,54.0,6600.0
153m¬≤ bolig i Solbjerg med udsigt til Solbjerg S√∏,2.0,153.0,10200.0
Stort og lyst v√¶relse,1.0,22.0,2195.0
Charmerende tov√¶relses lejlighed - fuld m√∏bleret / Charming one-bedroom apartment - fully furnished,2.0,58.0,9125.0
Et v√¶relse med f√¶lles k√∏kknet og bad.,1.0,18.0,2400.0
Nyere lejlighed beliggende ved skov og s√∏,1.0,59.0,7000.0
V√¶relse i Aarhus N,1.0,20.0,2300.0
Sk√∏nt v√¶relse t√¶t p√• natur og t√¶t p√• city! ,1.0,47.0,5400.0
M√∏bleret tov√¶relses lejlighed i Aarhus C / Furnished one-bedroom apartment in Aarhus C,2.0,51.0,9541.0
"Tov√¶relses lejlighed i S√∏gade, Aarhus C / One-bedroom apartment in S√∏gade, Aarhus C",2.0,42.0,9125.0
Tov√¶relses i Valdemarsgade / 1 bedroom apartment Aarhus C,2.0,57.0,9034.0
Charmerende taglejlighed i √ò-kvarteret / Charming penthouse apartment,2.0,55.0,9632.0
2-v√¶relses lejlighed i Aarhus C / One bedroom furnished apartment in Aarhus C,2.0,39.0,8112.0
Tov√¶relses Aarhus C,2.0,42.0,9125.0
Trev√¶relses lejlighed med egen terrasse / 2 bedroom apartment with private terrace,3.0,51.0,10757.0
Hyggelig tov√¶relses lejlighed / Cozy one-bedroom apartment,2.0,39.0,8213.0
1 v√¶relse med perfekt beliggenhed mm med nyt spisek√∏kken og eget k√∏leskab samt toilet med brus ,1.0,20.0,3900.0
Tov√¶relses central beliggenhed,2.0,39.0,9125.0
Tov√¶relses i rolige omgivelser,2.0,45.0,9541.0
"Tov√¶relses taglejlighed i Valdemarsgade, Aarhus C / One-bedroom penthouse apartment in Valdemarsgade, Aarhus C.  ",2.0,61.0,9693.0
Tov√¶relses lejlighed med √•ben planl√∏sning,2.0,67.0,9733.0
